# ************************************************************
# Sequel Pro SQL dump
# Version 4135
#
# http://www.sequelpro.com/
# http://code.google.com/p/sequel-pro/
#
# Host: 127.0.0.1 (MySQL 5.6.24)
# Database: pizza
# Generation Time: 2016-02-17 15:00:53 +0000
# ************************************************************


/*!40101 SET @OLD_CHARACTER_SET_CLIENT=@@CHARACTER_SET_CLIENT */;
/*!40101 SET @OLD_CHARACTER_SET_RESULTS=@@CHARACTER_SET_RESULTS */;
/*!40101 SET @OLD_COLLATION_CONNECTION=@@COLLATION_CONNECTION */;
/*!40101 SET NAMES utf8 */;
/*!40014 SET @OLD_FOREIGN_KEY_CHECKS=@@FOREIGN_KEY_CHECKS, FOREIGN_KEY_CHECKS=0 */;
/*!40101 SET @OLD_SQL_MODE=@@SQL_MODE, SQL_MODE='NO_AUTO_VALUE_ON_ZERO' */;
/*!40111 SET @OLD_SQL_NOTES=@@SQL_NOTES, SQL_NOTES=0 */;


# Dump of table ADDRESS
# ------------------------------------------------------------

DROP TABLE IF EXISTS `ADDRESS`;

CREATE TABLE `ADDRESS` (
  `ADDRESSID` int(11) NOT NULL AUTO_INCREMENT,
  `ADDRESSNAME` longtext,
  PRIMARY KEY (`ADDRESSID`)
) ENGINE=InnoDB DEFAULT CHARSET=utf8;

LOCK TABLES `ADDRESS` WRITE;
/*!40000 ALTER TABLE `ADDRESS` DISABLE KEYS */;

INSERT INTO `ADDRESS` (`ADDRESSID`, `ADDRESSNAME`)
VALUES
	(1,'Memphis,Tennessee'),
	(2,'vercelli'),
	(3,'Torquato tasso 6'),
	(4,'Via Torquato Tasso, 6, Vercelli, VC, Italia'),
	(5,'Via Confienza 50'),
	(6,'Torino');

/*!40000 ALTER TABLE `ADDRESS` ENABLE KEYS */;
UNLOCK TABLES;


# Dump of table CART
# ------------------------------------------------------------

DROP TABLE IF EXISTS `CART`;

CREATE TABLE `CART` (
  `CARTID` int(11) NOT NULL AUTO_INCREMENT,
  `PRODUCTID` int(11) DEFAULT NULL,
  `USERID` int(11) DEFAULT NULL,
  `QUANTITY` int(11) DEFAULT NULL,
  PRIMARY KEY (`CARTID`)
) ENGINE=InnoDB DEFAULT CHARSET=latin1;

LOCK TABLES `CART` WRITE;
/*!40000 ALTER TABLE `CART` DISABLE KEYS */;

INSERT INTO `CART` (`CARTID`, `PRODUCTID`, `USERID`, `QUANTITY`)
VALUES
	(6,17,2,989);

/*!40000 ALTER TABLE `CART` ENABLE KEYS */;
UNLOCK TABLES;


# Dump of table ORDER_PRODUCT
# ------------------------------------------------------------

DROP TABLE IF EXISTS `ORDER_PRODUCT`;

CREATE TABLE `ORDER_PRODUCT` (
  `ORDER_PRODUCTID` int(11) NOT NULL AUTO_INCREMENT,
  `PRODUCTID` int(11) DEFAULT NULL,
  `ORDERSID` int(11) DEFAULT NULL,
  `USERID` int(11) DEFAULT NULL,
  `QUANTITY` int(11) DEFAULT NULL,
  PRIMARY KEY (`ORDER_PRODUCTID`),
  KEY `PRODUCTID` (`PRODUCTID`),
  KEY `USERID` (`USERID`),
  KEY `ORDERSID` (`ORDERSID`),
  CONSTRAINT `order_product_ibfk_1` FOREIGN KEY (`PRODUCTID`) REFERENCES `PRODUCTS` (`PRODUCTID`) ON DELETE CASCADE,
  CONSTRAINT `order_product_ibfk_2` FOREIGN KEY (`USERID`) REFERENCES `USERS` (`USERID`) ON DELETE CASCADE,
  CONSTRAINT `order_product_ibfk_3` FOREIGN KEY (`ORDERSID`) REFERENCES `ORDERS` (`ORDERSID`) ON DELETE CASCADE
) ENGINE=InnoDB DEFAULT CHARSET=latin1;

LOCK TABLES `ORDER_PRODUCT` WRITE;
/*!40000 ALTER TABLE `ORDER_PRODUCT` DISABLE KEYS */;

INSERT INTO `ORDER_PRODUCT` (`ORDER_PRODUCTID`, `PRODUCTID`, `ORDERSID`, `USERID`, `QUANTITY`)
VALUES
	(13,17,13,1,1),
	(15,20,15,1,7),
	(16,18,16,4,1),
	(17,17,16,4,1),
	(18,19,16,4,1),
	(19,21,17,4,1),
	(20,20,17,4,1),
	(21,18,17,4,1),
	(22,18,18,4,1),
	(23,18,19,1,1),
	(24,17,20,1,1);

/*!40000 ALTER TABLE `ORDER_PRODUCT` ENABLE KEYS */;
UNLOCK TABLES;


# Dump of table ORDERS
# ------------------------------------------------------------

DROP TABLE IF EXISTS `ORDERS`;

CREATE TABLE `ORDERS` (
  `ORDERSID` int(11) NOT NULL AUTO_INCREMENT,
  `DELIVERYDATE` timestamp NULL DEFAULT NULL,
  `RECEIVED` tinyint(1) DEFAULT '0',
  `USERID` int(11) DEFAULT NULL,
  `SHIPPED` timestamp NULL DEFAULT NULL,
  `ADDRESSID` int(11) DEFAULT NULL,
  `CREATED` timestamp NULL DEFAULT CURRENT_TIMESTAMP ON UPDATE CURRENT_TIMESTAMP,
  PRIMARY KEY (`ORDERSID`),
  KEY `USERID` (`USERID`),
  KEY `ADDRESSID` (`ADDRESSID`),
  CONSTRAINT `ordersA_ibfk_2` FOREIGN KEY (`USERID`) REFERENCES `USERS` (`USERID`) ON DELETE CASCADE,
  CONSTRAINT `ordersA_ibfk_3` FOREIGN KEY (`ADDRESSID`) REFERENCES `ADDRESS` (`ADDRESSID`) ON DELETE CASCADE
) ENGINE=InnoDB DEFAULT CHARSET=latin1;

LOCK TABLES `ORDERS` WRITE;
/*!40000 ALTER TABLE `ORDERS` DISABLE KEYS */;

INSERT INTO `ORDERS` (`ORDERSID`, `DELIVERYDATE`, `RECEIVED`, `USERID`, `SHIPPED`, `ADDRESSID`, `CREATED`)
VALUES
	(13,'2016-02-17 18:00:00',1,1,NULL,4,'2016-02-16 16:54:01'),
	(15,'2016-02-16 18:30:00',1,1,NULL,4,'2016-02-16 19:14:18'),
	(16,'2016-02-17 17:00:00',1,4,NULL,5,'2016-02-16 16:56:55'),
	(17,'2016-02-17 19:00:00',1,4,NULL,5,'2016-02-16 16:57:23'),
	(18,'2016-02-20 17:00:00',0,4,NULL,5,'2016-02-16 16:57:50'),
	(19,'2016-02-16 21:00:00',1,1,NULL,4,'2016-02-16 19:21:37'),
	(20,'2016-02-16 21:00:00',1,1,NULL,4,'2016-02-16 19:27:26');

/*!40000 ALTER TABLE `ORDERS` ENABLE KEYS */;
UNLOCK TABLES;


# Dump of table PRODUCTS
# ------------------------------------------------------------

DROP TABLE IF EXISTS `PRODUCTS`;

CREATE TABLE `PRODUCTS` (
  `PRODUCTID` int(11) NOT NULL AUTO_INCREMENT,
  `DESCRIPTION` mediumtext,
  `INGREDIENTS` mediumtext,
  `CATEGORY` varchar(128) DEFAULT 'classic',
  `NAME` mediumtext,
  `COST` double DEFAULT NULL,
  PRIMARY KEY (`PRODUCTID`)
) ENGINE=InnoDB DEFAULT CHARSET=latin1;

LOCK TABLES `PRODUCTS` WRITE;
/*!40000 ALTER TABLE `PRODUCTS` DISABLE KEYS */;

INSERT INTO `PRODUCTS` (`PRODUCTID`, `DESCRIPTION`, `INGREDIENTS`, `CATEGORY`, `NAME`, `COST`)
VALUES
	(17,'','pomodoro,mozzarella,prova','classic','Margherita',3.54),
	(18,'classic','pomodoro','classic','Prosciutto',4),
	(19,'','pomodoro,mozzarella,patatinefritte,wrustel','classic','Americana',5),
	(20,'','pomodoro','classic','Napoli',4.5),
	(21,'','pomodoro,uovo,prosciuttocrudo','classic','Bismark',5.1),
	(23,'','pomodoro','','Prova',5);

/*!40000 ALTER TABLE `PRODUCTS` ENABLE KEYS */;
UNLOCK TABLES;


# Dump of table USERS
# ------------------------------------------------------------

DROP TABLE IF EXISTS `USERS`;

CREATE TABLE `USERS` (
  `USERID` int(11) NOT NULL AUTO_INCREMENT,
  `EMAIL` varchar(128) NOT NULL DEFAULT '',
  `PASSWORD` varchar(64) NOT NULL DEFAULT '',
  `PHONE` varchar(64) NOT NULL DEFAULT '',
  `NAME` varchar(128) NOT NULL DEFAULT '',
  `SURNAME` varchar(128) NOT NULL DEFAULT '',
  `ROLE` varchar(64) NOT NULL DEFAULT 'ROLE_USER',
  `ADDRESSID` int(11) DEFAULT NULL,
  PRIMARY KEY (`USERID`),
  UNIQUE KEY `EMAIL` (`EMAIL`),
  KEY `ADDRESSID` (`ADDRESSID`),
  CONSTRAINT `user_ibfk_1` FOREIGN KEY (`ADDRESSID`) REFERENCES `ADDRESS` (`ADDRESSID`) ON DELETE CASCADE
) ENGINE=InnoDB DEFAULT CHARSET=latin1;

LOCK TABLES `USERS` WRITE;
/*!40000 ALTER TABLE `USERS` DISABLE KEYS */;

INSERT INTO `USERS` (`USERID`, `EMAIL`, `PASSWORD`, `PHONE`, `NAME`, `SURNAME`, `ROLE`, `ADDRESSID`)
VALUES
	(1,'elvis@gmail.com','$2a$10$HNTlvMcaLJIbtT6HbU384.sSxGhFTdvmHkGc/b5t8H/DDsZaUxP6O','+39 340 976 2458','Elvis','Presley','ROLE_USER',4),
	(2,'admin@gmail.com','$2a$10$XQz8KT.tDJogFdtiuZhgrujU/qU.5qZMZiwy7T0E9DX6Qd5wNAfa6','+39 324 903 4023','Admin','Admin','ROLE_ADMIN',3),
	(3,'becco@gmail.com','$2a$10$TCo4Ki74QgaSCRdHVRHJX.XujDVBGjG/l2Ql7S7ee3Q2X3w0Hp/J6','+39 340 ','becco','becco','ROLE_USER',3),
	(4,'prova@gmail.com','$2a$10$HNTlvMcaLJIbtT6HbU384.sSxGhFTdvmHkGc/b5t8H/DDsZaUxP6O','+39 340 976 2457','Prova','Pro','ROLE_USER',5),
	(5,'pro@gmail.com','$2a$10$wjJpK3n4XBpL0rV49eDZXONYthf1x8qkzOrfdY9Q.4BFsQr/vcPnq','','','','ROLE_USER',NULL);

/*!40000 ALTER TABLE `USERS` ENABLE KEYS */;
UNLOCK TABLES;



/*!40111 SET SQL_NOTES=@OLD_SQL_NOTES */;
/*!40101 SET SQL_MODE=@OLD_SQL_MODE */;
/*!40014 SET FOREIGN_KEY_CHECKS=@OLD_FOREIGN_KEY_CHECKS */;
/*!40101 SET CHARACTER_SET_CLIENT=@OLD_CHARACTER_SET_CLIENT */;
/*!40101 SET CHARACTER_SET_RESULTS=@OLD_CHARACTER_SET_RESULTS */;
/*!40101 SET COLLATION_CONNECTION=@OLD_COLLATION_CONNECTION */;
